chrom	pos	ref	alt	FOBP	score	snv	truth	sample_name
chr2	208248484	C	T	0	0	chr2_208248484_C_T	FALSE	Pat01_Meta_FFPE_ERR791893
chr3	10142126	C	T	0	0	chr3_10142126_C_T	FALSE	Pat01_Meta_FFPE_ERR791893
chr3	10142214	C	T	0	0	chr3_10142214_C_T	FALSE	Pat01_Meta_FFPE_ERR791893
chr3	10142230	C	T	1.63075e-06	-1.63075e-06	chr3_10142230_C_T	FALSE	Pat01_Meta_FFPE_ERR791893
chr3	37025789	G	A	1.58762e-13	-1.58762e-13	chr3_37025789_G_A	TRUE	Pat01_Meta_FFPE_ERR791893
chr3	41224646	C	T	0.109088	-0.109088	chr3_41224646_C_T	FALSE	Pat01_Meta_FFPE_ERR791893
chr5	112840070	C	T	3.88811e-12	-3.88811e-12	chr5_112840070_C_T	FALSE	Pat01_Meta_FFPE_ERR791893
chr7	55191927	C	T	5.83401e-07	-5.83401e-07	chr7_55191927_C_T	FALSE	Pat01_Meta_FFPE_ERR791893
chr7	55191934	C	T	3.21477e-07	-3.21477e-07	chr7_55191934_C_T	FALSE	Pat01_Meta_FFPE_ERR791893
chr7	116771951	C	T	3.95936e-11	-3.95936e-11	chr7_116771951_C_T	FALSE	Pat01_Meta_FFPE_ERR791893
chr9	33675792	G	A	0	0	chr9_33675792_G_A	FALSE	Pat01_Meta_FFPE_ERR791893
chr9	77721529	C	T	8.88178e-15	-8.88178e-15	chr9_77721529_C_T	FALSE	Pat01_Meta_FFPE_ERR791893
chr9	77721532	G	A	3.8769e-13	-3.8769e-13	chr9_77721532_G_A	FALSE	Pat01_Meta_FFPE_ERR791893
chr9	136504945	C	T	0.624147	-0.624147	chr9_136504945_C_T	FALSE	Pat01_Meta_FFPE_ERR791893
chr9	136504957	C	T	0	0	chr9_136504957_C_T	FALSE	Pat01_Meta_FFPE_ERR791893
chr11	108249180	C	T	0.00716753	-0.00716753	chr11_108249180_C_T	FALSE	Pat01_Meta_FFPE_ERR791893
chr11	108301696	C	T	2.39697e-13	-2.39697e-13	chr11_108301696_C_T	FALSE	Pat01_Meta_FFPE_ERR791893
chr11	108301792	C	T	0	0	chr11_108301792_C_T	FALSE	Pat01_Meta_FFPE_ERR791893
chr12	25225711	C	T	0.0113574	-0.0113574	chr12_25225711_C_T	FALSE	Pat01_Meta_FFPE_ERR791893
chr12	25225730	C	T	5.4273e-11	-5.4273e-11	chr12_25225730_C_T	FALSE	Pat01_Meta_FFPE_ERR791893
chr12	25227401	C	T	5.29354e-13	-5.29354e-13	chr12_25227401_C_T	FALSE	Pat01_Meta_FFPE_ERR791893
chr12	25227413	C	T	9.78559e-10	-9.78559e-10	chr12_25227413_C_T	FALSE	Pat01_Meta_FFPE_ERR791893
chr16	68801717	C	T	1	-1	chr16_68801717_C_T	FALSE	Pat01_Meta_FFPE_ERR791893
chr16	68812233	C	T	0	0	chr16_68812233_C_T	FALSE	Pat01_Meta_FFPE_ERR791893
chr18	49980042	C	T	0	0	chr18_49980042_C_T	FALSE	Pat01_Meta_FFPE_ERR791893
chr19	3115104	G	A	0	0	chr19_3115104_G_A	FALSE	Pat01_Meta_FFPE_ERR791893
chr19	3121241	G	A	0	0	chr19_3121241_G_A	FALSE	Pat01_Meta_FFPE_ERR791893
chr19	3121262	C	T	3.31171e-05	-3.31171e-05	chr19_3121262_C_T	FALSE	Pat01_Meta_FFPE_ERR791893
chr19	17837289	C	T	7.38001e-05	-7.38001e-05	chr19_17837289_C_T	FALSE	Pat01_Meta_FFPE_ERR791893
chr22	16572103	C	T	1.18253e-11	-1.18253e-11	chr22_16572103_C_T	FALSE	Pat01_Meta_FFPE_ERR791893
chr22	23791806	C	T	0	0	chr22_23791806_C_T	FALSE	Pat01_Meta_FFPE_ERR791893
chr22	23791859	C	T	0.889717	-0.889717	chr22_23791859_C_T	FALSE	Pat01_Meta_FFPE_ERR791893
chr22	23801073	C	T	3.77476e-15	-3.77476e-15	chr22_23801073_C_T	FALSE	Pat01_Meta_FFPE_ERR791893
chr22	23801158	C	T	1.5741e-05	-1.5741e-05	chr22_23801158_C_T	FALSE	Pat01_Meta_FFPE_ERR791893
chr2	211424253	C	T	0	0	chr2_211424253_C_T	FALSE	Pat03_Meta_FFPE_ERR791895
chr2	211788088	C	T	0	0	chr2_211788088_C_T	FALSE	Pat03_Meta_FFPE_ERR791895
chr3	10142213	C	T	1.10999e-08	-1.10999e-08	chr3_10142213_C_T	FALSE	Pat03_Meta_FFPE_ERR791895
chr3	179203780	C	T	1.06581e-14	-1.06581e-14	chr3_179203780_C_T	FALSE	Pat03_Meta_FFPE_ERR791895
chr3	179234334	C	T	2.22045e-16	-2.22045e-16	chr3_179234334_C_T	FALSE	Pat03_Meta_FFPE_ERR791895
chr4	54274936	C	T	4.01124e-12	-4.01124e-12	chr4_54274936_C_T	FALSE	Pat03_Meta_FFPE_ERR791895
chr4	55094898	G	A	0	0	chr4_55094898_G_A	FALSE	Pat03_Meta_FFPE_ERR791895
chr5	112838331	C	T	0	0	chr5_112838331_C_T	FALSE	Pat03_Meta_FFPE_ERR791895
chr5	112838341	C	T	1.16862e-12	-1.16862e-12	chr5_112838341_C_T	FALSE	Pat03_Meta_FFPE_ERR791895
chr5	112839382	G	A	0	0	chr5_112839382_G_A	FALSE	Pat03_Meta_FFPE_ERR791895
chr7	55154130	C	T	0.939329	-0.939329	chr7_55154130_C_T	FALSE	Pat03_Meta_FFPE_ERR791895
chr7	55154150	C	T	0.0118791	-0.0118791	chr7_55154150_C_T	FALSE	Pat03_Meta_FFPE_ERR791895
chr7	55174051	C	T	7.04818e-08	-7.04818e-08	chr7_55174051_C_T	FALSE	Pat03_Meta_FFPE_ERR791895
chr7	55174053	C	T	0.0814821	-0.0814821	chr7_55174053_C_T	FALSE	Pat03_Meta_FFPE_ERR791895
chr7	55174059	C	T	0.800581	-0.800581	chr7_55174059_C_T	FALSE	Pat03_Meta_FFPE_ERR791895
chr7	55181473	G	A	1	-1	chr7_55181473_G_A	FALSE	Pat03_Meta_FFPE_ERR791895
chr7	66505294	C	T	4.77575e-05	-4.77575e-05	chr7_66505294_C_T	FALSE	Pat03_Meta_FFPE_ERR791895
chr7	129205372	C	T	0.0138322	-0.0138322	chr7_129205372_C_T	FALSE	Pat03_Meta_FFPE_ERR791895
chr7	129205376	C	T	1.97681e-06	-1.97681e-06	chr7_129205376_C_T	FALSE	Pat03_Meta_FFPE_ERR791895
chr7	129210504	C	T	0.36454	-0.36454	chr7_129210504_C_T	FALSE	Pat03_Meta_FFPE_ERR791895
chr7	129210597	C	T	0	0	chr7_129210597_C_T	FALSE	Pat03_Meta_FFPE_ERR791895
chr7	129210604	C	T	1.87359e-07	-1.87359e-07	chr7_129210604_C_T	FALSE	Pat03_Meta_FFPE_ERR791895
chr7	129211833	C	T	0	0	chr7_129211833_C_T	FALSE	Pat03_Meta_FFPE_ERR791895
chr8	38428525	C	T	2.0851e-11	-2.0851e-11	chr8_38428525_C_T	FALSE	Pat03_Meta_FFPE_ERR791895
chr8	38428528	C	T	0.517422	-0.517422	chr8_38428528_C_T	FALSE	Pat03_Meta_FFPE_ERR791895
chr8	38428529	C	T	0.000510757	-0.000510757	chr8_38428529_C_T	FALSE	Pat03_Meta_FFPE_ERR791895
chr9	5073813	C	T	3.47464e-09	-3.47464e-09	chr9_5073813_C_T	FALSE	Pat03_Meta_FFPE_ERR791895
chr9	130874985	C	T	3.10477e-09	-3.10477e-09	chr9_130874985_C_T	FALSE	Pat03_Meta_FFPE_ERR791895
chr10	43113688	C	T	1.23448e-11	-1.23448e-11	chr10_43113688_C_T	FALSE	Pat03_Meta_FFPE_ERR791895
chr10	43113692	C	T	1.11022e-16	-1.11022e-16	chr10_43113692_C_T	FALSE	Pat03_Meta_FFPE_ERR791895
chr10	43113706	C	T	4.58987e-10	-4.58987e-10	chr10_43113706_C_T	FALSE	Pat03_Meta_FFPE_ERR791895
chr10	43114567	G	A	1	-1	chr10_43114567_G_A	FALSE	Pat03_Meta_FFPE_ERR791895
chr10	87925597	C	T	0	0	chr10_87925597_C_T	FALSE	Pat03_Meta_FFPE_ERR791895
chr10	87957956	G	A	0	0	chr10_87957956_G_A	FALSE	Pat03_Meta_FFPE_ERR791895
chr10	121515344	G	A	0	0	chr10_121515344_G_A	FALSE	Pat03_Meta_FFPE_ERR791895
chr11	108302925	C	T	0	0	chr11_108302925_C_T	FALSE	Pat03_Meta_FFPE_ERR791895
chr12	25227345	C	T	0	0	chr12_25227345_C_T	FALSE	Pat03_Meta_FFPE_ERR791895
chr12	25245354	C	T	0	0	chr12_25245354_C_T	FALSE	Pat03_Meta_FFPE_ERR791895
chr13	48453081	C	T	0	0	chr13_48453081_C_T	FALSE	Pat03_Meta_FFPE_ERR791895
chr16	68812331	C	T	0	0	chr16_68812331_C_T	FALSE	Pat03_Meta_FFPE_ERR791895
chr17	7676047	C	T	0.146308	-0.146308	chr17_7676047_C_T	FALSE	Pat03_Meta_FFPE_ERR791895
chr17	7676057	C	T	1.84145e-05	-1.84145e-05	chr17_7676057_C_T	FALSE	Pat03_Meta_FFPE_ERR791895
chr17	7676661	C	T	0	0	chr17_7676661_C_T	FALSE	Pat03_Meta_FFPE_ERR791895
chr19	1220520	G	A	0	0	chr19_1220520_G_A	FALSE	Pat03_Meta_FFPE_ERR791895
chr19	1223141	C	T	0.000621145	-0.000621145	chr19_1223141_C_T	FALSE	Pat03_Meta_FFPE_ERR791895
chr19	31758839	C	T	0	0	chr19_31758839_C_T	FALSE	Pat03_Meta_FFPE_ERR791895
chr22	16574664	C	T	1	-1	chr22_16574664_C_T	FALSE	Pat03_Meta_FFPE_ERR791895
chr22	44929362	C	T	0	0	chr22_44929362_C_T	FALSE	Pat03_Meta_FFPE_ERR791895
chr1	114716167	C	T	8.13321e-11	-8.13321e-11	chr1_114716167_C_T	FALSE	Pat04_Meta_FFPE_ERR791896
chr2	29220921	C	T	1.24553e-10	-1.24553e-10	chr2_29220921_C_T	FALSE	Pat04_Meta_FFPE_ERR791896
chr3	10142154	C	T	4.45574e-07	-4.45574e-07	chr3_10142154_C_T	FALSE	Pat04_Meta_FFPE_ERR791896
chr3	10142202	C	T	1.18927e-12	-1.18927e-12	chr3_10142202_C_T	FALSE	Pat04_Meta_FFPE_ERR791896
chr3	179218294	G	A	0	0	chr3_179218294_G_A	FALSE	Pat04_Meta_FFPE_ERR791896
chr3	179218370	C	T	0.290074	-0.290074	chr3_179218370_C_T	FALSE	Pat04_Meta_FFPE_ERR791896
chr3	179221125	C	T	3.3884e-13	-3.3884e-13	chr3_179221125_C_T	FALSE	Pat04_Meta_FFPE_ERR791896
chr3	179221146	G	A	0	0	chr3_179221146_G_A	FALSE	Pat04_Meta_FFPE_ERR791896
chr4	1806596	C	T	2.01796e-07	-2.01796e-07	chr4_1806596_C_T	FALSE	Pat04_Meta_FFPE_ERR791896
chr4	54727297	G	A	0	0	chr4_54727297_G_A	FALSE	Pat04_Meta_FFPE_ERR791896
chr4	55088958	C	T	1	-1	chr4_55088958_C_T	FALSE	Pat04_Meta_FFPE_ERR791896
chr4	152328225	C	T	1.09081e-08	-1.09081e-08	chr4_152328225_C_T	FALSE	Pat04_Meta_FFPE_ERR791896
chr5	112839538	C	T	6.66697e-11	-6.66697e-11	chr5_112839538_C_T	FALSE	Pat04_Meta_FFPE_ERR791896
chr5	150054123	C	T	0.000194102	-0.000194102	chr5_150054123_C_T	FALSE	Pat04_Meta_FFPE_ERR791896
chr5	150073570	C	T	0.0401417	-0.0401417	chr5_150073570_C_T	FALSE	Pat04_Meta_FFPE_ERR791896
chr7	66505143	G	A	1.90338e-08	-1.90338e-08	chr7_66505143_G_A	FALSE	Pat04_Meta_FFPE_ERR791896
chr7	116771984	C	T	0.656199	-0.656199	chr7_116771984_C_T	FALSE	Pat04_Meta_FFPE_ERR791896
chr7	116771998	C	T	1.29846e-07	-1.29846e-07	chr7_116771998_C_T	FALSE	Pat04_Meta_FFPE_ERR791896
chr9	77721442	C	T	1	-1	chr9_77721442_C_T	FALSE	Pat04_Meta_FFPE_ERR791896
chr9	77797554	C	T	0	0	chr9_77797554_C_T	FALSE	Pat04_Meta_FFPE_ERR791896
chr9	130873012	C	T	6.72907e-05	-6.72907e-05	chr9_130873012_C_T	FALSE	Pat04_Meta_FFPE_ERR791896
chr9	130873033	C	T	6.89412e-06	-6.89412e-06	chr9_130873033_C_T	FALSE	Pat04_Meta_FFPE_ERR791896
chr10	43120214	C	T	0.274576	-0.274576	chr10_43120214_C_T	FALSE	Pat04_Meta_FFPE_ERR791896
chr11	533873	C	T	0.266107	-0.266107	chr11_533873_C_T	FALSE	Pat04_Meta_FFPE_ERR791896
chr11	533883	G	A	1.49212e-11	-1.49212e-11	chr11_533883_G_A	FALSE	Pat04_Meta_FFPE_ERR791896
chr11	108299833	C	T	5.04174e-12	-5.04174e-12	chr11_108299833_C_T	FALSE	Pat04_Meta_FFPE_ERR791896
chr11	108299840	C	T	3.97149e-12	-3.97149e-12	chr11_108299840_C_T	FALSE	Pat04_Meta_FFPE_ERR791896
chr13	28036001	G	A	1.25984e-10	-1.25984e-10	chr13_28036001_G_A	FALSE	Pat04_Meta_FFPE_ERR791896
chr13	28036004	G	A	2.30271e-12	-2.30271e-12	chr13_28036004_G_A	FALSE	Pat04_Meta_FFPE_ERR791896
chr13	48465057	C	T	1	-1	chr13_48465057_C_T	FALSE	Pat04_Meta_FFPE_ERR791896
chr14	104780203	C	T	0.0171809	-0.0171809	chr14_104780203_C_T	FALSE	Pat04_Meta_FFPE_ERR791896
chr18	51067107	C	T	9.72118e-06	-9.72118e-06	chr18_51067107_C_T	FALSE	Pat04_Meta_FFPE_ERR791896
chr18	51067115	C	T	6.9411e-11	-6.9411e-11	chr18_51067115_C_T	FALSE	Pat04_Meta_FFPE_ERR791896
chr1	114713947	C	T	7.63464e-10	-7.63464e-10	chr1_114713947_C_T	FALSE	Pat08_Meta_FFPE_ERR791901
chr2	131424122	C	T	0	0	chr2_131424122_C_T	FALSE	Pat08_Meta_FFPE_ERR791901
chr3	10142230	C	T	2.14521e-07	-2.14521e-07	chr3_10142230_C_T	FALSE	Pat08_Meta_FFPE_ERR791901
chr3	10146626	C	T	2.39472e-05	-2.39472e-05	chr3_10146626_C_T	FALSE	Pat08_Meta_FFPE_ERR791901
chr4	55079992	G	A	3.80174e-05	-3.80174e-05	chr4_55079992_G_A	FALSE	Pat08_Meta_FFPE_ERR791901
chr7	55174817	C	T	5.37102e-10	-5.37102e-10	chr7_55174817_C_T	FALSE	Pat08_Meta_FFPE_ERR791901
chr7	129211751	C	T	5.91904e-12	-5.91904e-12	chr7_129211751_C_T	FALSE	Pat08_Meta_FFPE_ERR791901
chr8	38428506	C	T	0.00886202	-0.00886202	chr8_38428506_C_T	FALSE	Pat08_Meta_FFPE_ERR791901
chr10	87957764	C	T	9.97152e-10	-9.97152e-10	chr10_87957764_C_T	FALSE	Pat08_Meta_FFPE_ERR791901
chr11	108310231	C	T	6.02502e-11	-6.02502e-11	chr11_108310231_C_T	FALSE	Pat08_Meta_FFPE_ERR791901
chr12	25227428	C	T	1.66533e-14	-1.66533e-14	chr12_25227428_C_T	FALSE	Pat08_Meta_FFPE_ERR791901
chr13	48453020	C	T	1.26987e-06	-1.26987e-06	chr13_48453020_C_T	FALSE	Pat08_Meta_FFPE_ERR791901
chr13	48453050	C	T	4.20808e-12	-4.20808e-12	chr13_48453050_C_T	FALSE	Pat08_Meta_FFPE_ERR791901
chr13	48453069	C	T	9.52565e-10	-9.52565e-10	chr13_48453069_C_T	FALSE	Pat08_Meta_FFPE_ERR791901
chr19	1207022	C	T	1.75641e-07	-1.75641e-07	chr19_1207022_C_T	FALSE	Pat08_Meta_FFPE_ERR791901
chr19	1220520	G	A	0	0	chr19_1220520_G_A	FALSE	Pat08_Meta_FFPE_ERR791901
chr1	43349368	C	T	6.10623e-15	-6.10623e-15	chr1_43349368_C_T	FALSE	Pat09_Meta_FFPE_ERR791902
chr1	114716136	C	T	1.08802e-14	-1.08802e-14	chr1_114716136_C_T	FALSE	Pat09_Meta_FFPE_ERR791902
chr1	114716216	C	T	9.21485e-15	-9.21485e-15	chr1_114716216_C_T	FALSE	Pat09_Meta_FFPE_ERR791902
chr2	211424239	C	T	2.55351e-15	-2.55351e-15	chr2_211424239_C_T	FALSE	Pat09_Meta_FFPE_ERR791902
chr3	41224584	C	T	0	0	chr3_41224584_C_T	FALSE	Pat09_Meta_FFPE_ERR791902
chr3	179199090	C	T	0	0	chr3_179199090_C_T	FALSE	Pat09_Meta_FFPE_ERR791902
chr3	179199168	C	T	0	0	chr3_179199168_C_T	FALSE	Pat09_Meta_FFPE_ERR791902
chr3	179210155	G	A	0	0	chr3_179210155_G_A	FALSE	Pat09_Meta_FFPE_ERR791902
chr3	179210238	C	T	1.85973e-12	-1.85973e-12	chr3_179210238_C_T	FALSE	Pat09_Meta_FFPE_ERR791902
chr3	179234327	G	A	3.10196e-13	-3.10196e-13	chr3_179234327_G_A	FALSE	Pat09_Meta_FFPE_ERR791902
chr4	152337929	C	T	2.6846e-10	-2.6846e-10	chr4_152337929_C_T	FALSE	Pat09_Meta_FFPE_ERR791902
chr4	152337941	C	T	0	0	chr4_152337941_C_T	FALSE	Pat09_Meta_FFPE_ERR791902
chr5	112838973	C	T	0	0	chr5_112838973_C_T	FALSE	Pat09_Meta_FFPE_ERR791902
chr7	55154147	G	A	2.16149e-12	-2.16149e-12	chr7_55154147_G_A	FALSE	Pat09_Meta_FFPE_ERR791902
chr7	55154174	C	T	2.78378e-09	-2.78378e-09	chr7_55154174_C_T	FALSE	Pat09_Meta_FFPE_ERR791902
chr7	55174024	C	T	0	0	chr7_55174024_C_T	FALSE	Pat09_Meta_FFPE_ERR791902
chr7	55181437	G	A	1.31762e-05	-1.31762e-05	chr7_55181437_G_A	FALSE	Pat09_Meta_FFPE_ERR791902
chr7	116771971	C	T	0	0	chr7_116771971_C_T	FALSE	Pat09_Meta_FFPE_ERR791902
chr7	129206651	C	T	3.97257e-07	-3.97257e-07	chr7_129206651_C_T	FALSE	Pat09_Meta_FFPE_ERR791902
chr7	140781655	C	T	0	0	chr7_140781655_C_T	FALSE	Pat09_Meta_FFPE_ERR791902
chr9	77728439	C	T	6.8312e-13	-6.8312e-13	chr9_77728439_C_T	FALSE	Pat09_Meta_FFPE_ERR791902
chr9	77797562	C	T	2.19164e-11	-2.19164e-11	chr9_77797562_C_T	FALSE	Pat09_Meta_FFPE_ERR791902
chr9	77797593	C	T	0	0	chr9_77797593_C_T	FALSE	Pat09_Meta_FFPE_ERR791902
chr9	77797600	C	T	2.9976e-15	-2.9976e-15	chr9_77797600_C_T	FALSE	Pat09_Meta_FFPE_ERR791902
chr10	87960934	C	T	4.08466e-08	-4.08466e-08	chr10_87960934_C_T	FALSE	Pat09_Meta_FFPE_ERR791902
chr11	108267337	C	T	0	0	chr11_108267337_C_T	FALSE	Pat09_Meta_FFPE_ERR791902
chr11	108310237	C	T	0.000292024	-0.000292024	chr11_108310237_C_T	FALSE	Pat09_Meta_FFPE_ERR791902
chr11	108347362	C	T	8.89289e-14	-8.89289e-14	chr11_108347362_C_T	FALSE	Pat09_Meta_FFPE_ERR791902
chr12	120994390	C	T	0	0	chr12_120994390_C_T	FALSE	Pat09_Meta_FFPE_ERR791902
chr13	48459707	C	T	9.35847e-11	-9.35847e-11	chr13_48459707_C_T	FALSE	Pat09_Meta_FFPE_ERR791902
chr17	7674882	C	T	0	0	chr17_7674882_C_T	FALSE	Pat09_Meta_FFPE_ERR791902
chr17	7675257	C	T	4.44089e-16	-4.44089e-16	chr17_7675257_C_T	FALSE	Pat09_Meta_FFPE_ERR791902
chr17	7675277	C	T	0	0	chr17_7675277_C_T	FALSE	Pat09_Meta_FFPE_ERR791902
chr17	7676090	C	T	0	0	chr17_7676090_C_T	FALSE	Pat09_Meta_FFPE_ERR791902
chr18	51054916	C	T	0	0	chr18_51054916_C_T	FALSE	Pat09_Meta_FFPE_ERR791902
chr18	51054931	C	T	0	0	chr18_51054931_C_T	FALSE	Pat09_Meta_FFPE_ERR791902
chr18	51054933	C	T	6.88338e-15	-6.88338e-15	chr18_51054933_C_T	FALSE	Pat09_Meta_FFPE_ERR791902
chr20	58909371	C	T	3.55271e-14	-3.55271e-14	chr20_58909371_C_T	FALSE	Pat09_Meta_FFPE_ERR791902
chr2	131424135	C	T	0.0551383	-0.0551383	chr2_131424135_C_T	FALSE	Pat10_Meta_FFPE_ERR791903
chr2	131424137	C	T	1.66533e-15	-1.66533e-15	chr2_131424137_C_T	FALSE	Pat10_Meta_FFPE_ERR791903
chr3	37025864	C	T	0.000488228	-0.000488228	chr3_37025864_C_T	FALSE	Pat10_Meta_FFPE_ERR791903
chr4	54731331	C	T	0.0336219	-0.0336219	chr4_54731331_C_T	FALSE	Pat10_Meta_FFPE_ERR791903
chr4	55080090	C	T	1.70641e-13	-1.70641e-13	chr4_55080090_C_T	FALSE	Pat10_Meta_FFPE_ERR791903
chr4	152328225	C	T	0	0	chr4_152328225_C_T	FALSE	Pat10_Meta_FFPE_ERR791903
chr5	112839474	C	T	0	0	chr5_112839474_C_T	TRUE	Pat10_Meta_FFPE_ERR791903
chr5	112839567	G	A	0.0261743	-0.0261743	chr5_112839567_G_A	FALSE	Pat10_Meta_FFPE_ERR791903
chr5	112839942	C	T	0	0	chr5_112839942_C_T	FALSE	Pat10_Meta_FFPE_ERR791903
chr7	55181258	C	T	0	0	chr7_55181258_C_T	FALSE	Pat10_Meta_FFPE_ERR791903
chr11	108301709	C	T	0	0	chr11_108301709_C_T	FALSE	Pat10_Meta_FFPE_ERR791903
chr12	120994390	C	T	1.85235e-08	-1.85235e-08	chr12_120994390_C_T	FALSE	Pat10_Meta_FFPE_ERR791903
chr1	114716130	C	T	0.00348884	-0.00348884	chr1_114716130_C_T	FALSE	Pat11_Meta_FFPE_ERR791905
chr3	37025834	C	T	9.10427e-07	-9.10427e-07	chr3_37025834_C_T	FALSE	Pat11_Meta_FFPE_ERR791905
chr3	37025848	C	T	1.23229e-07	-1.23229e-07	chr3_37025848_C_T	FALSE	Pat11_Meta_FFPE_ERR791905
chr4	1806593	C	T	7.99656e-06	-7.99656e-06	chr4_1806593_C_T	FALSE	Pat11_Meta_FFPE_ERR791905
chr4	1807327	C	T	0.00624462	-0.00624462	chr4_1807327_C_T	FALSE	Pat11_Meta_FFPE_ERR791905
chr4	1807329	C	T	0.00509674	-0.00509674	chr4_1807329_C_T	FALSE	Pat11_Meta_FFPE_ERR791905
chr4	54278497	C	T	0	0	chr4_54278497_C_T	FALSE	Pat11_Meta_FFPE_ERR791905
chr4	152337846	C	T	0.000257657	-0.000257657	chr4_152337846_C_T	FALSE	Pat11_Meta_FFPE_ERR791905
chr5	112839980	G	A	0	0	chr5_112839980_G_A	FALSE	Pat11_Meta_FFPE_ERR791905
chr5	150054155	C	T	0.000302725	-0.000302725	chr5_150054155_C_T	FALSE	Pat11_Meta_FFPE_ERR791905
chr7	66505063	G	A	1.09912e-14	-1.09912e-14	chr7_66505063_G_A	FALSE	Pat11_Meta_FFPE_ERR791905
chr7	129210593	C	T	0.0136988	-0.0136988	chr7_129210593_C_T	FALSE	Pat11_Meta_FFPE_ERR791905
chr7	140753335	C	T	0	0	chr7_140753335_C_T	FALSE	Pat11_Meta_FFPE_ERR791905
chr9	21971131	G	A	8.95699e-08	-8.95699e-08	chr9_21971131_G_A	FALSE	Pat11_Meta_FFPE_ERR791905
chr9	21971134	G	A	7.19171e-11	-7.19171e-11	chr9_21971134_G_A	FALSE	Pat11_Meta_FFPE_ERR791905
chr9	130863009	C	T	1.11022e-16	-1.11022e-16	chr9_130863009_C_T	FALSE	Pat11_Meta_FFPE_ERR791905
chr9	130863013	C	T	2.34504e-05	-2.34504e-05	chr9_130863013_C_T	FALSE	Pat11_Meta_FFPE_ERR791905
chr10	87952166	C	T	0	0	chr10_87952166_C_T	FALSE	Pat11_Meta_FFPE_ERR791905
chr10	121498562	C	T	4.14771e-05	-4.14771e-05	chr10_121498562_C_T	FALSE	Pat11_Meta_FFPE_ERR791905
chr11	108302942	C	T	2.05391e-14	-2.05391e-14	chr11_108302942_C_T	FALSE	Pat11_Meta_FFPE_ERR791905
chr11	108347380	C	T	1.04805e-13	-1.04805e-13	chr11_108347380_C_T	FALSE	Pat11_Meta_FFPE_ERR791905
chr17	7670695	G	A	0	0	chr17_7670695_G_A	FALSE	Pat11_Meta_FFPE_ERR791905
chr17	7676145	G	A	6.66134e-15	-6.66134e-15	chr17_7676145_G_A	FALSE	Pat11_Meta_FFPE_ERR791905
chr19	1220490	C	T	1.44933e-11	-1.44933e-11	chr19_1220490_C_T	FALSE	Pat11_Meta_FFPE_ERR791905
chr19	1220502	C	T	0.000374973	-0.000374973	chr19_1220502_C_T	FALSE	Pat11_Meta_FFPE_ERR791905
chr19	17834976	G	A	5.44009e-15	-5.44009e-15	chr19_17834976_G_A	FALSE	Pat11_Meta_FFPE_ERR791905
chr22	23834265	G	A	0	0	chr22_23834265_G_A	FALSE	Pat11_Meta_FFPE_ERR791905
chr22	23834272	G	A	0	0	chr22_23834272_G_A	FALSE	Pat11_Meta_FFPE_ERR791905
chr3	37025857	C	T	1.05471e-14	-1.05471e-14	chr3_37025857_C_T	FALSE	Pat12_Meta_FFPE_ERR791907
chr3	41224610	C	T	0	0	chr3_41224610_C_T	FALSE	Pat12_Meta_FFPE_ERR791907
chr3	41224678	G	A	0	0	chr3_41224678_G_A	FALSE	Pat12_Meta_FFPE_ERR791907
chr3	179234122	C	T	0	0	chr3_179234122_C_T	FALSE	Pat12_Meta_FFPE_ERR791907
chr3	179234131	C	T	1.70965e-06	-1.70965e-06	chr3_179234131_C_T	FALSE	Pat12_Meta_FFPE_ERR791907
chr3	179234141	C	T	0	0	chr3_179234141_C_T	FALSE	Pat12_Meta_FFPE_ERR791907
chr4	54726131	C	T	0	0	chr4_54726131_C_T	FALSE	Pat12_Meta_FFPE_ERR791907
chr4	54727529	C	T	1.77636e-15	-1.77636e-15	chr4_54727529_C_T	FALSE	Pat12_Meta_FFPE_ERR791907
chr5	112838237	C	T	0	0	chr5_112838237_C_T	FALSE	Pat12_Meta_FFPE_ERR791907
chr5	112839785	G	A	0	0	chr5_112839785_G_A	FALSE	Pat12_Meta_FFPE_ERR791907
chr7	55165475	C	T	0	0	chr7_55165475_C_T	FALSE	Pat12_Meta_FFPE_ERR791907
chr7	55174028	C	T	0	0	chr7_55174028_C_T	FALSE	Pat12_Meta_FFPE_ERR791907
chr7	55174064	C	T	0	0	chr7_55174064_C_T	FALSE	Pat12_Meta_FFPE_ERR791907
chr7	116700227	C	T	0	0	chr7_116700227_C_T	FALSE	Pat12_Meta_FFPE_ERR791907
chr7	116700254	C	T	0	0	chr7_116700254_C_T	FALSE	Pat12_Meta_FFPE_ERR791907
chr9	5073774	G	A	0	0	chr9_5073774_G_A	FALSE	Pat12_Meta_FFPE_ERR791907
chr9	77728517	C	T	0	0	chr9_77728517_C_T	FALSE	Pat12_Meta_FFPE_ERR791907
chr9	130872852	G	A	0	0	chr9_130872852_G_A	FALSE	Pat12_Meta_FFPE_ERR791907
chr9	130872970	C	T	0	0	chr9_130872970_C_T	FALSE	Pat12_Meta_FFPE_ERR791907
chr10	121520127	G	A	0	0	chr10_121520127_G_A	FALSE	Pat12_Meta_FFPE_ERR791907
chr11	108299859	C	T	0	0	chr11_108299859_C_T	FALSE	Pat12_Meta_FFPE_ERR791907
chr11	108303006	C	T	0	0	chr11_108303006_C_T	FALSE	Pat12_Meta_FFPE_ERR791907
chr11	108303025	G	A	0	0	chr11_108303025_G_A	FALSE	Pat12_Meta_FFPE_ERR791907
chr11	108330289	C	T	0	0	chr11_108330289_C_T	FALSE	Pat12_Meta_FFPE_ERR791907
chr12	25225711	C	T	0	0	chr12_25225711_C_T	FALSE	Pat12_Meta_FFPE_ERR791907
chr12	120994391	C	T	0	0	chr12_120994391_C_T	FALSE	Pat12_Meta_FFPE_ERR791907
chr13	48345139	C	T	0	0	chr13_48345139_C_T	FALSE	Pat12_Meta_FFPE_ERR791907
chr13	48349101	C	T	0	0	chr13_48349101_C_T	FALSE	Pat12_Meta_FFPE_ERR791907
chr13	48368588	C	T	0	0	chr13_48368588_C_T	FALSE	Pat12_Meta_FFPE_ERR791907
chr13	48368616	C	T	0	0	chr13_48368616_C_T	FALSE	Pat12_Meta_FFPE_ERR791907
chr14	104780215	C	T	0	0	chr14_104780215_C_T	FALSE	Pat12_Meta_FFPE_ERR791907
chr17	7673703	C	T	0	0	chr17_7673703_C_T	FALSE	Pat12_Meta_FFPE_ERR791907
chr17	7673765	C	T	0	0	chr17_7673765_C_T	FALSE	Pat12_Meta_FFPE_ERR791907
chr17	7673776	G	A	0	0	chr17_7673776_G_A	TRUE	Pat12_Meta_FFPE_ERR791907
chr17	7674302	C	T	0	0	chr17_7674302_C_T	FALSE	Pat12_Meta_FFPE_ERR791907
chr17	39724052	C	T	0	0	chr17_39724052_C_T	FALSE	Pat12_Meta_FFPE_ERR791907
chr19	1221295	G	A	0	0	chr19_1221295_G_A	FALSE	Pat12_Meta_FFPE_ERR791907
chr19	1221374	G	A	0	0	chr19_1221374_G_A	FALSE	Pat12_Meta_FFPE_ERR791907
chr19	17837268	C	T	0	0	chr19_17837268_C_T	FALSE	Pat12_Meta_FFPE_ERR791907
chr2	211424230	C	T	0	0	chr2_211424230_C_T	FALSE	Pat13_Meta_FFPE_ERR791908
chr2	211722448	C	T	0	0	chr2_211722448_C_T	FALSE	Pat13_Meta_FFPE_ERR791908
chr2	211722509	C	T	0	0	chr2_211722509_C_T	FALSE	Pat13_Meta_FFPE_ERR791908
chr2	211788024	C	T	0	0	chr2_211788024_C_T	FALSE	Pat13_Meta_FFPE_ERR791908
chr2	211788093	C	T	0	0	chr2_211788093_C_T	FALSE	Pat13_Meta_FFPE_ERR791908
chr3	10142141	C	T	2.9492e-12	-2.9492e-12	chr3_10142141_C_T	FALSE	Pat13_Meta_FFPE_ERR791908
chr3	37025794	C	T	0.926004	-0.926004	chr3_37025794_C_T	FALSE	Pat13_Meta_FFPE_ERR791908
chr3	179199192	C	T	8.48163e-08	-8.48163e-08	chr3_179199192_C_T	FALSE	Pat13_Meta_FFPE_ERR791908
chr4	54278101	C	T	2.26826e-07	-2.26826e-07	chr4_54278101_C_T	FALSE	Pat13_Meta_FFPE_ERR791908
chr4	54733248	C	T	0	0	chr4_54733248_C_T	FALSE	Pat13_Meta_FFPE_ERR791908
chr4	54736542	C	T	0	0	chr4_54736542_C_T	FALSE	Pat13_Meta_FFPE_ERR791908
chr4	55087705	C	T	0	0	chr4_55087705_C_T	FALSE	Pat13_Meta_FFPE_ERR791908
chr4	55096406	C	T	0	0	chr4_55096406_C_T	FALSE	Pat13_Meta_FFPE_ERR791908
chr4	152328249	C	T	2.08297e-11	-2.08297e-11	chr4_152328249_C_T	FALSE	Pat13_Meta_FFPE_ERR791908
chr4	152328288	C	T	0	0	chr4_152328288_C_T	FALSE	Pat13_Meta_FFPE_ERR791908
chr5	112839578	G	A	0.687349	-0.687349	chr5_112839578_G_A	FALSE	Pat13_Meta_FFPE_ERR791908
chr5	150054158	C	T	7.9859e-08	-7.9859e-08	chr5_150054158_C_T	FALSE	Pat13_Meta_FFPE_ERR791908
chr7	129205260	C	T	0.0348114	-0.0348114	chr7_129205260_C_T	FALSE	Pat13_Meta_FFPE_ERR791908
chr7	129205272	C	T	5.57465e-07	-5.57465e-07	chr7_129205272_C_T	FALSE	Pat13_Meta_FFPE_ERR791908
chr7	129211762	C	T	0	0	chr7_129211762_C_T	FALSE	Pat13_Meta_FFPE_ERR791908
chr7	140781602	C	T	0	0	chr7_140781602_C_T	FALSE	Pat13_Meta_FFPE_ERR791908
chr9	33675669	G	A	0	0	chr9_33675669_G_A	FALSE	Pat13_Meta_FFPE_ERR791908
chr9	77794448	C	T	0	0	chr9_77794448_C_T	FALSE	Pat13_Meta_FFPE_ERR791908
chr10	43113709	C	T	7.15261e-06	-7.15261e-06	chr10_43113709_C_T	FALSE	Pat13_Meta_FFPE_ERR791908
chr10	43120208	C	T	0.000269738	-0.000269738	chr10_43120208_C_T	FALSE	Pat13_Meta_FFPE_ERR791908
chr10	87864559	C	T	1.45906e-12	-1.45906e-12	chr10_87864559_C_T	FALSE	Pat13_Meta_FFPE_ERR791908
chr10	87925571	C	T	0.000725765	-0.000725765	chr10_87925571_C_T	FALSE	Pat13_Meta_FFPE_ERR791908
chr10	121498542	C	T	4.10383e-12	-4.10383e-12	chr10_121498542_C_T	FALSE	Pat13_Meta_FFPE_ERR791908
chr11	108303018	C	T	0	0	chr11_108303018_C_T	FALSE	Pat13_Meta_FFPE_ERR791908
chr12	25225720	C	T	0	0	chr12_25225720_C_T	FALSE	Pat13_Meta_FFPE_ERR791908
chr13	48453117	C	T	0	0	chr13_48453117_C_T	FALSE	Pat13_Meta_FFPE_ERR791908
chr17	7670711	C	T	0	0	chr17_7670711_C_T	FALSE	Pat13_Meta_FFPE_ERR791908
chr17	7676080	C	T	3.90799e-14	-3.90799e-14	chr17_7676080_C_T	FALSE	Pat13_Meta_FFPE_ERR791908
chr19	1220516	G	A	0	0	chr19_1220516_G_A	FALSE	Pat13_Meta_FFPE_ERR791908
chr19	1220520	G	A	0	0	chr19_1220520_G_A	FALSE	Pat13_Meta_FFPE_ERR791908
chr22	23801073	C	T	8.34048e-06	-8.34048e-06	chr22_23801073_C_T	FALSE	Pat13_Meta_FFPE_ERR791908
chr2	211665423	C	T	7.70059e-07	-7.70059e-07	chr2_211665423_C_T	TRUE	Pat14_Meta_FFPE_ERR791909
chr3	10142111	G	A	0	0	chr3_10142111_G_A	FALSE	Pat14_Meta_FFPE_ERR791909
chr3	10146651	C	T	8.30875e-09	-8.30875e-09	chr3_10146651_C_T	FALSE	Pat14_Meta_FFPE_ERR791909
chr3	37025800	G	A	0	0	chr3_37025800_G_A	FALSE	Pat14_Meta_FFPE_ERR791909
chr3	179199087	C	T	2.21473e-10	-2.21473e-10	chr3_179199087_C_T	FALSE	Pat14_Meta_FFPE_ERR791909
chr4	54731355	C	T	0	0	chr4_54731355_C_T	FALSE	Pat14_Meta_FFPE_ERR791909
chr4	55089013	C	T	0	0	chr4_55089013_C_T	FALSE	Pat14_Meta_FFPE_ERR791909
chr4	152324340	C	T	0	0	chr4_152324340_C_T	FALSE	Pat14_Meta_FFPE_ERR791909
chr7	55174077	C	T	8.55613e-06	-8.55613e-06	chr7_55174077_C_T	FALSE	Pat14_Meta_FFPE_ERR791909
chr7	66505419	G	A	0	0	chr7_66505419_G_A	FALSE	Pat14_Meta_FFPE_ERR791909
chr7	116772021	C	T	0.00662019	-0.00662019	chr7_116772021_C_T	FALSE	Pat14_Meta_FFPE_ERR791909
chr7	116777461	C	T	0	0	chr7_116777461_C_T	FALSE	Pat14_Meta_FFPE_ERR791909
chr7	116777462	C	T	6.32827e-15	-6.32827e-15	chr7_116777462_C_T	FALSE	Pat14_Meta_FFPE_ERR791909
chr7	116777518	C	T	0	0	chr7_116777518_C_T	FALSE	Pat14_Meta_FFPE_ERR791909
chr9	77794662	C	T	4.95159e-14	-4.95159e-14	chr9_77794662_C_T	FALSE	Pat14_Meta_FFPE_ERR791909
chr9	77797620	C	T	0	0	chr9_77797620_C_T	FALSE	Pat14_Meta_FFPE_ERR791909
chr9	130872119	C	T	0.00289728	-0.00289728	chr9_130872119_C_T	FALSE	Pat14_Meta_FFPE_ERR791909
chr9	130872141	G	A	0	0	chr9_130872141_G_A	FALSE	Pat14_Meta_FFPE_ERR791909
chr9	130872213	G	A	0	0	chr9_130872213_G_A	FALSE	Pat14_Meta_FFPE_ERR791909
chr10	43113632	C	T	0.0531896	-0.0531896	chr10_43113632_C_T	FALSE	Pat14_Meta_FFPE_ERR791909
chr10	43114576	G	A	0.667912	-0.667912	chr10_43114576_G_A	FALSE	Pat14_Meta_FFPE_ERR791909
chr10	43118487	C	T	0.000793144	-0.000793144	chr10_43118487_C_T	FALSE	Pat14_Meta_FFPE_ERR791909
chr10	87864484	C	T	0	0	chr10_87864484_C_T	FALSE	Pat14_Meta_FFPE_ERR791909
chr11	108335136	C	T	1.36439e-08	-1.36439e-08	chr11_108335136_C_T	FALSE	Pat14_Meta_FFPE_ERR791909
chr12	25227372	C	T	0	0	chr12_25227372_C_T	FALSE	Pat14_Meta_FFPE_ERR791909
chr13	48453086	C	T	0	0	chr13_48453086_C_T	FALSE	Pat14_Meta_FFPE_ERR791909
chr13	48459730	G	A	2.84628e-12	-2.84628e-12	chr13_48459730_G_A	FALSE	Pat14_Meta_FFPE_ERR791909
chr13	48459735	C	T	1	-1	chr13_48459735_C_T	FALSE	Pat14_Meta_FFPE_ERR791909
chr13	48463839	G	A	0	0	chr13_48463839_G_A	FALSE	Pat14_Meta_FFPE_ERR791909
chr17	7674945	G	A	0	0	chr17_7674945_G_A	FALSE	Pat14_Meta_FFPE_ERR791909
chr17	7676603	C	T	0.000736149	-0.000736149	chr17_7676603_C_T	FALSE	Pat14_Meta_FFPE_ERR791909
chr17	7676604	C	T	0.000254785	-0.000254785	chr17_7676604_C_T	FALSE	Pat14_Meta_FFPE_ERR791909
chr19	3118852	G	A	0	0	chr19_3118852_G_A	FALSE	Pat14_Meta_FFPE_ERR791909
chr22	16572108	C	T	0.0226724	-0.0226724	chr22_16572108_C_T	FALSE	Pat14_Meta_FFPE_ERR791909
